system:index,Count,DOY,Year,.geo,,,,,,,,,,,,,,,,,,,,,
0_0,2,28.51039515,2004,,,,,,,,,,,,,,,,,,,,,,
0_1,0,31.5,2004,,,,,,,,,,,,,,,,,,,,,,
0_2,0,34.5,2004,,,,,,,,,,,,,,,,,,,,,,
0_3,4,37.33009552,2004,,,,,,,,,,,,,,,,,,,,,,
0_4,8,40.81094542,2004,,,,,,,,,,,,,,,,,,,,,,
0_5,31,43.75041817,2004,,,,,,,,,,,,,,,,,,,,,,
0_6,70,46.67399018,2004,,,,,,,,,,,,,,,,,,,,,,
0_7,176,49.80746355,2004,,,,,,,,,,,,,,,,,,,,,,
0_8,369,52.66351833,2004,,,,,,,,,,,,,,,,,,,,,,
0_9,861,55.6442372,2004,,,,,,,,,,,,,,,,,,,,,,
0_10,1347,58.6244854,2004,,,,,,,,,,,,,,,,,,,,,,
0_11,1752.294118,61.54219699,2004,,,,,,,,,,,,,,,,,,,,,,
0_12,2009.435294,64.53023651,2004,,,,,,,,,,,,,,,,,,,,,,
0_13,2207,67.53494073,2004,,,,,,,,,,,,,,,,,,,,,,
0_14,2139,70.47481838,2004,,,,,,,,,,,,,,,,,,,,,,
0_15,1854,73.45185505,2004,,,,,,,,,,,,,,,,,,,,,,
0_16,1494,76.43713136,2004,,,,,,,,,,,,,,,,,,,,,,
0_17,1156,79.47490476,2004,,,,,,,,,,,,,,,,,,,,,,
0_18,893,82.45812322,2004,,,,,,,,,,,,,,,,,,,,,,
0_19,637,85.49166359,2004,,,,,,,,,,,,,,,,,,,,,,
0_20,512,88.450264,2004,,,,,,,,,,,,,,,,,,,,,,
0_21,381,91.40541524,2004,,,,,,,,,,,,,,,,,,,,,,
0_22,287,94.47319647,2004,,,,,,,,,,,,,,,,,,,,,,
0_23,219,97.46628115,2004,,,,,,,,,,,,,,,,,,,,,,
0_24,155,100.4702403,2004,,,,,,,,,,,,,,,,,,,,,,
0_25,94,103.4363301,2004,,,,,,,,,,,,,,,,,,,,,,
0_26,52,106.5831818,2004,,,,,,,,,,,,,,,,,,,,,,
0_27,45,109.3292893,2004,,,,,,,,,,,,,,,,,,,,,,
0_28,32,112.0069421,2004,,,,,,,,,,,,,,,,,,,,,,
0_29,19,115.4138894,2004,,,,,,,,,,,,,,,,,,,,,,
0_30,15,118.4759523,2004,,,,,,,,,,,,,,,,,,,,,,
0_31,14,121.446513,2004,,,,,,,,,,,,,,,,,,,,,,
0_32,13,124.8280231,2004,,,,,,,,,,,,,,,,,,,,,,
0_33,11,127.4315011,2004,,,,,,,,,,,,,,,,,,,,,,
0_34,10,130.6154612,2004,,,,,,,,,,,,,,,,,,,,,,
0_35,8,133.4616137,2004,,,,,,,,,,,,,,,,,,,,,,
0_36,5,136.9073984,2004,,,,,,,,,,,,,,,,,,,,,,
0_37,1,138.6144879,2004,,,,,,,,,,,,,,,,,,,,,,
0_38,3,142.5360391,2004,,,,,,,,,,,,,,,,,,,,,,
0_39,2,144.8141146,2004,,,,,,,,,,,,,,,,,,,,,,
0_40,3,148.1667964,2004,,,,,,,,,,,,,,,,,,,,,,
1_0,2,28.51039515,2005,,,,,,,,,,,,,,,,,,,,,,
1_1,0,31.5,2005,,,,,,,,,,,,,,,,,,,,,,
1_2,1,35.98329507,2005,,,,,,,,,,,,,,,,,,,,,,
1_3,6,37.75951219,2005,,,,,,,,,,,,,,,,,,,,,,
1_4,9,40.90960614,2005,,,,,,,,,,,,,,,,,,,,,,
1_5,37,43.82741793,2005,,,,,,,,,,,,,,,,,,,,,,
1_6,65,46.75337799,2005,,,,,,,,,,,,,,,,,,,,,,
1_7,200,49.72170179,2005,,,,,,,,,,,,,,,,,,,,,,
1_8,402,52.6780341,2005,,,,,,,,,,,,,,,,,,,,,,
1_9,876,55.66282438,2005,,,,,,,,,,,,,,,,,,,,,,
1_10,1399.466667,58.63043321,2005,,,,,,,,,,,,,,,,,,,,,,
1_11,1835.529412,61.54265802,2005,,,,,,,,,,,,,,,,,,,,,,
1_12,2057.215686,64.50671122,2005,,,,,,,,,,,,,,,,,,,,,,
1_13,2260.686275,67.53780914,2005,,,,,,,,,,,,,,,,,,,,,,
1_14,2204,70.47497774,2005,,,,,,,,,,,,,,,,,,,,,,
1_15,1904,73.46234848,2005,,,,,,,,,,,,,,,,,,,,,,
1_16,1574.623529,76.45789856,2005,,,,,,,,,,,,,,,,,,,,,,
1_17,1186.811765,79.4878703,2005,,,,,,,,,,,,,,,,,,,,,,
1_18,942,82.45226216,2005,,,,,,,,,,,,,,,,,,,,,,
1_19,690,85.5054678,2005,,,,,,,,,,,,,,,,,,,,,,
1_20,521,88.47293155,2005,,,,,,,,,,,,,,,,,,,,,,
1_21,428,91.39536447,2005,,,,,,,,,,,,,,,,,,,,,,
1_22,319,94.45212998,2005,,,,,,,,,,,,,,,,,,,,,,
1_23,239,97.46487319,2005,,,,,,,,,,,,,,,,,,,,,,
1_24,168,100.4208268,2005,,,,,,,,,,,,,,,,,,,,,,
1_25,111,103.3990251,2005,,,,,,,,,,,,,,,,,,,,,,
1_26,61,106.5806297,2005,,,,,,,,,,,,,,,,,,,,,,
1_27,57,109.2840851,2005,,,,,,,,,,,,,,,,,,,,,,
1_28,41,112.1385771,2005,,,,,,,,,,,,,,,,,,,,,,
1_29,26,115.5404707,2005,,,,,,,,,,,,,,,,,,,,,,
1_30,18,118.3991124,2005,,,,,,,,,,,,,,,,,,,,,,
1_31,20,121.5366904,2005,,,,,,,,,,,,,,,,,,,,,,
1_32,18,124.5398675,2005,,,,,,,,,,,,,,,,,,,,,,
1_33,7,127.4995638,2005,,,,,,,,,,,,,,,,,,,,,,
1_34,11,130.5843888,2005,,,,,,,,,,,,,,,,,,,,,,
1_35,9,133.4811255,2005,,,,,,,,,,,,,,,,,,,,,,
1_36,9,136.1654497,2005,,,,,,,,,,,,,,,,,,,,,,
1_37,1,138.1729237,2005,,,,,,,,,,,,,,,,,,,,,,
1_38,2,142.0724891,2005,,,,,,,,,,,,,,,,,,,,,,
1_39,2,144.8141146,2005,,,,,,,,,,,,,,,,,,,,,,
1_40,1,148.8620163,2005,,,,,,,,,,,,,,,,,,,,,,
2_0,2,28.51039515,2006,,,,,,,,,,,,,,,,,,,,,,
2_1,1,32.50626365,2006,,,,,,,,,,,,,,,,,,,,,,
2_2,1,35.98329507,2006,,,,,,,,,,,,,,,,,,,,,,
2_3,6,37.76374092,2006,,,,,,,,,,,,,,,,,,,,,,
2_4,10,40.90610434,2006,,,,,,,,,,,,,,,,,,,,,,
2_5,38,43.77902446,2006,,,,,,,,,,,,,,,,,,,,,,
2_6,67,46.73486163,2006,,,,,,,,,,,,,,,,,,,,,,
2_7,198,49.71617723,2006,,,,,,,,,,,,,,,,,,,,,,
2_8,410,52.6834173,2006,,,,,,,,,,,,,,,,,,,,,,
2_9,906,55.66374703,2006,,,,,,,,,,,,,,,,,,,,,,
2_10,1435.466667,58.61459283,2006,,,,,,,,,,,,,,,,,,,,,,
2_11,1887.294118,61.54738744,2006,,,,,,,,,,,,,,,,,,,,,,
2_12,2135.435294,64.50413329,2006,,,,,,,,,,,,,,,,,,,,,,
2_13,2322.686275,67.53022069,2006,,,,,,,,,,,,,,,,,,,,,,
2_14,2300,70.47128234,2006,,,,,,,,,,,,,,,,,,,,,,
2_15,1960.372549,73.445247,2006,,,,,,,,,,,,,,,,,,,,,,
2_16,1601.011765,76.44656589,2006,,,,,,,,,,,,,,,,,,,,,,
2_17,1249,79.48327533,2006,,,,,,,,,,,,,,,,,,,,,,
2_18,958,82.46359409,2006,,,,,,,,,,,,,,,,,,,,,,
2_19,724,85.47341453,2006,,,,,,,,,,,,,,,,,,,,,,
2_20,588,88.43102924,2006,,,,,,,,,,,,,,,,,,,,,,
2_21,437,91.38163332,2006,,,,,,,,,,,,,,,,,,,,,,
2_22,339,94.47109557,2006,,,,,,,,,,,,,,,,,,,,,,
2_23,251,97.45828276,2006,,,,,,,,,,,,,,,,,,,,,,
2_24,198,100.4978196,2006,,,,,,,,,,,,,,,,,,,,,,
2_25,107,103.4858148,2006,,,,,,,,,,,,,,,,,,,,,,
2_26,76,106.6404451,2006,,,,,,,,,,,,,,,,,,,,,,
2_27,60,109.3647145,2006,,,,,,,,,,,,,,,,,,,,,,
2_28,50,112.1170705,2006,,,,,,,,,,,,,,,,,,,,,,
2_29,21,115.4426796,2006,,,,,,,,,,,,,,,,,,,,,,
2_30,20,118.3535372,2006,,,,,,,,,,,,,,,,,,,,,,
2_31,20,121.5800109,2006,,,,,,,,,,,,,,,,,,,,,,
2_32,20,124.5763375,2006,,,,,,,,,,,,,,,,,,,,,,
2_33,10,127.4283108,2006,,,,,,,,,,,,,,,,,,,,,,
2_34,14,130.4339147,2006,,,,,,,,,,,,,,,,,,,,,,
2_35,9,133.1160241,2006,,,,,,,,,,,,,,,,,,,,,,
2_36,11,136.2654664,2006,,,,,,,,,,,,,,,,,,,,,,
2_37,2,138.4456096,2006,,,,,,,,,,,,,,,,,,,,,,
2_38,2,142.0724891,2006,,,,,,,,,,,,,,,,,,,,,,
2_39,2,144.8141146,2006,,,,,,,,,,,,,,,,,,,,,,
2_40,2,148.5747078,2006,,,,,,,,,,,,,,,,,,,,,,
3_0,2,28.51039515,2007,,,,,,,,,,,,,,,,,,,,,,
3_1,1,32.50626365,2007,,,,,,,,,,,,,,,,,,,,,,
3_2,1,35.98329507,2007,,,,,,,,,,,,,,,,,,,,,,
3_3,6,37.64584637,2007,,,,,,,,,,,,,,,,,,,,,,
3_4,8,40.76054287,2007,,,,,,,,,,,,,,,,,,,,,,
3_5,35,43.76303375,2007,,,,,,,,,,,,,,,,,,,,,,
3_6,70,46.75653764,2007,,,,,,,,,,,,,,,,,,,,,,
3_7,200,49.73146073,2007,,,,,,,,,,,,,,,,,,,,,,
3_8,420,52.70626311,2007,,,,,,,,,,,,,,,,,,,,,,
3_9,924,55.65942937,2007,,,,,,,,,,,,,,,,,,,,,,
3_10,1440.466667,58.62845226,2007,,,,,,,,,,,,,,,,,,,,,,
3_11,1891.529412,61.54279208,2007,,,,,,,,,,,,,,,,,,,,,,
3_12,2166.435294,64.51049433,2007,,,,,,,,,,,,,,,,,,,,,,
3_13,2368.686275,67.53302168,2007,,,,,,,,,,,,,,,,,,,,,,
3_14,2356,70.48573898,2007,,,,,,,,,,,,,,,,,,,,,,
3_15,2000.498039,73.45760173,2007,,,,,,,,,,,,,,,,,,,,,,
3_16,1647.388235,76.44815707,2007,,,,,,,,,,,,,,,,,,,,,,
3_17,1292.811765,79.4647542,2007,,,,,,,,,,,,,,,,,,,,,,
3_18,978.0313725,82.45390539,2007,,,,,,,,,,,,,,,,,,,,,,
3_19,753,85.48393951,2007,,,,,,,,,,,,,,,,,,,,,,
3_20,596,88.43627544,2007,,,,,,,,,,,,,,,,,,,,,,
3_21,454,91.37945851,2007,,,,,,,,,,,,,,,,,,,,,,
3_22,351,94.42854978,2007,,,,,,,,,,,,,,,,,,,,,,
3_23,259,97.45327401,2007,,,,,,,,,,,,,,,,,,,,,,
3_24,205,100.4773678,2007,,,,,,,,,,,,,,,,,,,,,,
3_25,112,103.5140281,2007,,,,,,,,,,,,,,,,,,,,,,
3_26,73,106.5580407,2007,,,,,,,,,,,,,,,,,,,,,,
3_27,52,109.5028199,2007,,,,,,,,,,,,,,,,,,,,,,
3_28,55,112.2491093,2007,,,,,,,,,,,,,,,,,,,,,,
3_29,26,115.4927494,2007,,,,,,,,,,,,,,,,,,,,,,
3_30,24,118.3453163,2007,,,,,,,,,,,,,,,,,,,,,,
3_31,23,121.6918135,2007,,,,,,,,,,,,,,,,,,,,,,
3_32,15,124.4178708,2007,,,,,,,,,,,,,,,,,,,,,,
3_33,12,127.3627715,2007,,,,,,,,,,,,,,,,,,,,,,
3_34,12,130.9200758,2007,,,,,,,,,,,,,,,,,,,,,,
3_35,11,133.1823064,2007,,,,,,,,,,,,,,,,,,,,,,
3_36,9,135.9880342,2007,,,,,,,,,,,,,,,,,,,,,,
3_37,4,138.8901731,2007,,,,,,,,,,,,,,,,,,,,,,
3_38,2,142.0724891,2007,,,,,,,,,,,,,,,,,,,,,,
3_39,2,144.8141146,2007,,,,,,,,,,,,,,,,,,,,,,
3_40,1,148.2873993,2007,,,,,,,,,,,,,,,,,,,,,,
4_0,2,28.51039515,2008,,,,,,,,,,,,,,,,,,,,,,
4_1,2,32.592295,2008,,,,,,,,,,,,,,,,,,,,,,
4_2,1,35.98329507,2008,,,,,,,,,,,,,,,,,,,,,,
4_3,5,37.63485207,2008,,,,,,,,,,,,,,,,,,,,,,
4_4,11,40.81978426,2008,,,,,,,,,,,,,,,,,,,,,,
4_5,39,43.77475228,2008,,,,,,,,,,,,,,,,,,,,,,
4_6,65,46.74050967,2008,,,,,,,,,,,,,,,,,,,,,,
4_7,197,49.72923491,2008,,,,,,,,,,,,,,,,,,,,,,
4_8,433,52.6912905,2008,,,,,,,,,,,,,,,,,,,,,,
4_9,924,55.65159071,2008,,,,,,,,,,,,,,,,,,,,,,
4_10,1462.466667,58.61614391,2008,,,,,,,,,,,,,,,,,,,,,,
4_11,1920.529412,61.5546788,2008,,,,,,,,,,,,,,,,,,,,,,
4_12,2183.435294,64.51018101,2008,,,,,,,,,,,,,,,,,,,,,,
4_13,2411.686275,67.53502955,2008,,,,,,,,,,,,,,,,,,,,,,
4_14,2418,70.48610501,2008,,,,,,,,,,,,,,,,,,,,,,
4_15,2081.372549,73.45788686,2008,,,,,,,,,,,,,,,,,,,,,,
4_16,1683.011765,76.43787743,2008,,,,,,,,,,,,,,,,,,,,,,
4_17,1307,79.46685422,2008,,,,,,,,,,,,,,,,,,,,,,
4_18,1021,82.47432282,2008,,,,,,,,,,,,,,,,,,,,,,
4_19,766,85.46003305,2008,,,,,,,,,,,,,,,,,,,,,,
4_20,612,88.42199799,2008,,,,,,,,,,,,,,,,,,,,,,
4_21,463,91.38070931,2008,,,,,,,,,,,,,,,,,,,,,,
4_22,369,94.44978624,2008,,,,,,,,,,,,,,,,,,,,,,
4_23,266,97.43687381,2008,,,,,,,,,,,,,,,,,,,,,,
4_24,210,100.5160485,2008,,,,,,,,,,,,,,,,,,,,,,
4_25,126,103.4865411,2008,,,,,,,,,,,,,,,,,,,,,,
4_26,82,106.532793,2008,,,,,,,,,,,,,,,,,,,,,,
4_27,50,109.4358468,2008,,,,,,,,,,,,,,,,,,,,,,
4_28,51,112.1546323,2008,,,,,,,,,,,,,,,,,,,,,,
4_29,26,115.3887634,2008,,,,,,,,,,,,,,,,,,,,,,
4_30,23,118.7094264,2008,,,,,,,,,,,,,,,,,,,,,,
4_31,19,121.747587,2008,,,,,,,,,,,,,,,,,,,,,,
4_32,19,124.4728906,2008,,,,,,,,,,,,,,,,,,,,,,
4_33,14,127.5892122,2008,,,,,,,,,,,,,,,,,,,,,,
4_34,16,130.5822333,2008,,,,,,,,,,,,,,,,,,,,,,
4_35,12,132.9316519,2008,,,,,,,,,,,,,,,,,,,,,,
4_36,10,136.3031257,2008,,,,,,,,,,,,,,,,,,,,,,
4_37,4,139.2665634,2008,,,,,,,,,,,,,,,,,,,,,,
4_38,2,142.0724891,2008,,,,,,,,,,,,,,,,,,,,,,
4_39,2,144.8141146,2008,,,,,,,,,,,,,,,,,,,,,,
4_40,2,148.5747078,2008,,,,,,,,,,,,,,,,,,,,,,
5_0,2,28.51039515,2009,,,,,,,,,,,,,,,,,,,,,,
5_1,1,32.50626365,2009,,,,,,,,,,,,,,,,,,,,,,
5_2,1,35.98329507,2009,,,,,,,,,,,,,,,,,,,,,,
5_3,7,37.85217976,2009,,,,,,,,,,,,,,,,,,,,,,
5_4,11,40.81978426,2009,,,,,,,,,,,,,,,,,,,,,,
5_5,40,43.72776486,2009,,,,,,,,,,,,,,,,,,,,,,
5_6,67,46.83842741,2009,,,,,,,,,,,,,,,,,,,,,,
5_7,204,49.74412504,2009,,,,,,,,,,,,,,,,,,,,,,
5_8,425,52.66754739,2009,,,,,,,,,,,,,,,,,,,,,,
5_9,941,55.65482944,2009,,,,,,,,,,,,,,,,,,,,,,
5_10,1460.466667,58.61422903,2009,,,,,,,,,,,,,,,,,,,,,,
5_11,1945.901961,61.54922952,2009,,,,,,,,,,,,,,,,,,,,,,
5_12,2241.121569,64.52021687,2009,,,,,,,,,,,,,,,,,,,,,,
5_13,2448,67.52242839,2009,,,,,,,,,,,,,,,,,,,,,,
5_14,2397,70.48434681,2009,,,,,,,,,,,,,,,,,,,,,,
5_15,2095,73.46063844,2009,,,,,,,,,,,,,,,,,,,,,,
5_16,1723.011765,76.44649607,2009,,,,,,,,,,,,,,,,,,,,,,
5_17,1362,79.45898718,2009,,,,,,,,,,,,,,,,,,,,,,
5_18,1035,82.46678212,2009,,,,,,,,,,,,,,,,,,,,,,
5_19,782,85.47074564,2009,,,,,,,,,,,,,,,,,,,,,,
5_20,647,88.43767107,2009,,,,,,,,,,,,,,,,,,,,,,
5_21,484.1254902,91.41858821,2009,,,,,,,,,,,,,,,,,,,,,,
5_22,386,94.44229426,2009,,,,,,,,,,,,,,,,,,,,,,
5_23,287,97.45592978,2009,,,,,,,,,,,,,,,,,,,,,,
5_24,205,100.4934322,2009,,,,,,,,,,,,,,,,,,,,,,
5_25,132,103.442547,2009,,,,,,,,,,,,,,,,,,,,,,
5_26,86,106.5604081,2009,,,,,,,,,,,,,,,,,,,,,,
5_27,51,109.4322184,2009,,,,,,,,,,,,,,,,,,,,,,
5_28,43,112.2374296,2009,,,,,,,,,,,,,,,,,,,,,,
5_29,32,115.4016143,2009,,,,,,,,,,,,,,,,,,,,,,
5_30,27,118.4003349,2009,,,,,,,,,,,,,,,,,,,,,,
5_31,19,121.6674787,2009,,,,,,,,,,,,,,,,,,,,,,
5_32,19,124.4837615,2009,,,,,,,,,,,,,,,,,,,,,,
5_33,14,127.1472837,2009,,,,,,,,,,,,,,,,,,,,,,
5_34,14,130.7543366,2009,,,,,,,,,,,,,,,,,,,,,,
5_35,13,133.2951338,2009,,,,,,,,,,,,,,,,,,,,,,
5_36,8,136.2264067,2009,,,,,,,,,,,,,,,,,,,,,,
5_37,2,139.3094249,2009,,,,,,,,,,,,,,,,,,,,,,
5_38,3,142.1582104,2009,,,,,,,,,,,,,,,,,,,,,,
5_39,3,144.6104346,2009,,,,,,,,,,,,,,,,,,,,,,
5_40,1,148.2873993,2009,,,,,,,,,,,,,,,,,,,,,,
6_0,2,28.51039515,2010,,,,,,,,,,,,,,,,,,,,,,
6_1,3,32.3995553,2010,,,,,,,,,,,,,,,,,,,,,,
6_2,1,35.98329507,2010,,,,,,,,,,,,,,,,,,,,,,
6_3,6,37.76374092,2010,,,,,,,,,,,,,,,,,,,,,,
6_4,11,40.78865536,2010,,,,,,,,,,,,,,,,,,,,,,
6_5,41,43.69691566,2010,,,,,,,,,,,,,,,,,,,,,,
6_6,69,46.71961094,2010,,,,,,,,,,,,,,,,,,,,,,
6_7,208,49.74609244,2010,,,,,,,,,,,,,,,,,,,,,,
6_8,449,52.66137669,2010,,,,,,,,,,,,,,,,,,,,,,
6_9,951,55.64909168,2010,,,,,,,,,,,,,,,,,,,,,,
6_10,1485.466667,58.61371139,2010,,,,,,,,,,,,,,,,,,,,,,
6_11,1985.901961,61.54428611,2010,,,,,,,,,,,,,,,,,,,,,,
6_12,2292.435294,64.52261733,2010,,,,,,,,,,,,,,,,,,,,,,
6_13,2483.686275,67.54003723,2010,,,,,,,,,,,,,,,,,,,,,,
6_14,2496,70.48745484,2010,,,,,,,,,,,,,,,,,,,,,,
6_15,2151.12549,73.47462482,2010,,,,,,,,,,,,,,,,,,,,,,
6_16,1770.623529,76.43804859,2010,,,,,,,,,,,,,,,,,,,,,,
6_17,1381,79.46360512,2010,,,,,,,,,,,,,,,,,,,,,,
6_18,1047.031373,82.44593964,2010,,,,,,,,,,,,,,,,,,,,,,
6_19,822,85.46505887,2010,,,,,,,,,,,,,,,,,,,,,,
6_20,657,88.39395536,2010,,,,,,,,,,,,,,,,,,,,,,
6_21,524.1254902,91.40500307,2010,,,,,,,,,,,,,,,,,,,,,,
6_22,415,94.42897447,2010,,,,,,,,,,,,,,,,,,,,,,
6_23,300,97.43337392,2010,,,,,,,,,,,,,,,,,,,,,,
6_24,234,100.4095629,2010,,,,,,,,,,,,,,,,,,,,,,
6_25,137,103.4053194,2010,,,,,,,,,,,,,,,,,,,,,,
6_26,91,106.6777667,2010,,,,,,,,,,,,,,,,,,,,,,
6_27,55,109.4668698,2010,,,,,,,,,,,,,,,,,,,,,,
6_28,52,112.2854494,2010,,,,,,,,,,,,,,,,,,,,,,
6_29,35,115.4321112,2010,,,,,,,,,,,,,,,,,,,,,,
6_30,34,118.359028,2010,,,,,,,,,,,,,,,,,,,,,,
6_31,27,121.532699,2010,,,,,,,,,,,,,,,,,,,,,,
6_32,26,124.3918929,2010,,,,,,,,,,,,,,,,,,,,,,
6_33,12,127.02512,2010,,,,,,,,,,,,,,,,,,,,,,
6_34,18,130.6687056,2010,,,,,,,,,,,,,,,,,,,,,,
6_35,12,133.1808064,2010,,,,,,,,,,,,,,,,,,,,,,
6_36,8,136.0953503,2010,,,,,,,,,,,,,,,,,,,,,,
6_37,4,139.3506153,2010,,,,,,,,,,,,,,,,,,,,,,
6_38,3,142.1582104,2010,,,,,,,,,,,,,,,,,,,,,,
6_39,2,144.8281268,2010,,,,,,,,,,,,,,,,,,,,,,
6_40,2,148.1064949,2010,,,,,,,,,,,,,,,,,,,,,,
7_0,2,28.51039515,2011,,,,,,,,,,,,,,,,,,,,,,
7_1,1,32.01407589,2011,,,,,,,,,,,,,,,,,,,,,,
7_2,1,35.98329507,2011,,,,,,,,,,,,,,,,,,,,,,
7_3,6,37.70565562,2011,,,,,,,,,,,,,,,,,,,,,,
7_4,10,40.80599672,2011,,,,,,,,,,,,,,,,,,,,,,
7_5,37,43.71520035,2011,,,,,,,,,,,,,,,,,,,,,,
7_6,68,46.67486164,2011,,,,,,,,,,,,,,,,,,,,,,
7_7,214,49.7149978,2011,,,,,,,,,,,,,,,,,,,,,,
7_8,441,52.67100653,2011,,,,,,,,,,,,,,,,,,,,,,
7_9,954,55.65517817,2011,,,,,,,,,,,,,,,,,,,,,,
7_10,1507.466667,58.61827514,2011,,,,,,,,,,,,,,,,,,,,,,
7_11,1994.901961,61.53918865,2011,,,,,,,,,,,,,,,,,,,,,,
7_12,2298.435294,64.52447572,2011,,,,,,,,,,,,,,,,,,,,,,
7_13,2540.686275,67.53783256,2011,,,,,,,,,,,,,,,,,,,,,,
7_14,2524,70.48776264,2011,,,,,,,,,,,,,,,,,,,,,,
7_15,2164.12549,73.48402808,2011,,,,,,,,,,,,,,,,,,,,,,
7_16,1811.623529,76.44246944,2011,,,,,,,,,,,,,,,,,,,,,,
7_17,1395,79.46958231,2011,,,,,,,,,,,,,,,,,,,,,,
7_18,1050.031373,82.45880105,2011,,,,,,,,,,,,,,,,,,,,,,
7_19,847,85.44894774,2011,,,,,,,,,,,,,,,,,,,,,,
7_20,695,88.44149938,2011,,,,,,,,,,,,,,,,,,,,,,
7_21,531,91.39322576,2011,,,,,,,,,,,,,,,,,,,,,,
7_22,451,94.424902,2011,,,,,,,,,,,,,,,,,,,,,,
7_23,322,97.41167222,2011,,,,,,,,,,,,,,,,,,,,,,
7_24,250,100.4561853,2011,,,,,,,,,,,,,,,,,,,,,,
7_25,149,103.4682997,2011,,,,,,,,,,,,,,,,,,,,,,
7_26,99,106.6088257,2011,,,,,,,,,,,,,,,,,,,,,,
7_27,60,109.5821058,2011,,,,,,,,,,,,,,,,,,,,,,
7_28,56,112.2478323,2011,,,,,,,,,,,,,,,,,,,,,,
7_29,35,115.4156182,2011,,,,,,,,,,,,,,,,,,,,,,
7_30,31,118.409183,2011,,,,,,,,,,,,,,,,,,,,,,
7_31,25,121.4725106,2011,,,,,,,,,,,,,,,,,,,,,,
7_32,29,124.4846871,2011,,,,,,,,,,,,,,,,,,,,,,
7_33,19,127.2181264,2011,,,,,,,,,,,,,,,,,,,,,,
7_34,19,130.5376742,2011,,,,,,,,,,,,,,,,,,,,,,
7_35,15,133.2563119,2011,,,,,,,,,,,,,,,,,,,,,,
7_36,11,136.1220126,2011,,,,,,,,,,,,,,,,,,,,,,
7_37,3,140.097158,2011,,,,,,,,,,,,,,,,,,,,,,
7_38,3,142.6055944,2011,,,,,,,,,,,,,,,,,,,,,,
7_39,2,144.6122874,2011,,,,,,,,,,,,,,,,,,,,,,
7_40,0,148.5,2011,,,,,,,,,,,,,,,,,,,,,,
8_0,2,28.51039515,2012,,,,,,,,,,,,,,,,,,,,,,
8_1,1,32.67832634,2012,,,,,,,,,,,,,,,,,,,,,,
8_2,1,35.98329507,2012,,,,,,,,,,,,,,,,,,,,,,
8_3,6,37.80888262,2012,,,,,,,,,,,,,,,,,,,,,,
8_4,11,40.9632934,2012,,,,,,,,,,,,,,,,,,,,,,
8_5,39,43.74006275,2012,,,,,,,,,,,,,,,,,,,,,,
8_6,70,46.71562541,2012,,,,,,,,,,,,,,,,,,,,,,
8_7,223,49.74298541,2012,,,,,,,,,,,,,,,,,,,,,,
8_8,467,52.67942646,2012,,,,,,,,,,,,,,,,,,,,,,
8_9,986,55.66561944,2012,,,,,,,,,,,,,,,,,,,,,,
8_10,1553.466667,58.61734228,2012,,,,,,,,,,,,,,,,,,,,,,
8_11,2085.901961,61.54518294,2012,,,,,,,,,,,,,,,,,,,,,,
8_12,2394.435294,64.52668137,2012,,,,,,,,,,,,,,,,,,,,,,
8_13,2685.686275,67.53157199,2012,,,,,,,,,,,,,,,,,,,,,,
8_14,2681,70.49308205,2012,,,,,,,,,,,,,,,,,,,,,,
8_15,2348.12549,73.47366852,2012,,,,,,,,,,,,,,,,,,,,,,
8_16,1970.623529,76.44784744,2012,,,,,,,,,,,,,,,,,,,,,,
8_17,1574,79.49274775,2012,,,,,,,,,,,,,,,,,,,,,,
8_18,1204.031373,82.44874122,2012,,,,,,,,,,,,,,,,,,,,,,
8_19,974,85.46545261,2012,,,,,,,,,,,,,,,,,,,,,,
8_20,788,88.45500961,2012,,,,,,,,,,,,,,,,,,,,,,
8_21,643,91.42261361,2012,,,,,,,,,,,,,,,,,,,,,,
8_22,535,94.44639708,2012,,,,,,,,,,,,,,,,,,,,,,
8_23,386,97.41488339,2012,,,,,,,,,,,,,,,,,,,,,,
8_24,299,100.4480541,2012,,,,,,,,,,,,,,,,,,,,,,
8_25,206,103.4481612,2012,,,,,,,,,,,,,,,,,,,,,,
8_26,120,106.5880415,2012,,,,,,,,,,,,,,,,,,,,,,
8_27,85,109.5156496,2012,,,,,,,,,,,,,,,,,,,,,,
8_28,78,112.1765202,2012,,,,,,,,,,,,,,,,,,,,,,
8_29,50,115.4850598,2012,,,,,,,,,,,,,,,,,,,,,,
8_30,42,118.3879601,2012,,,,,,,,,,,,,,,,,,,,,,
8_31,39,121.3446891,2012,,,,,,,,,,,,,,,,,,,,,,
8_32,37,124.6304792,2012,,,,,,,,,,,,,,,,,,,,,,
8_33,19,127.2274633,2012,,,,,,,,,,,,,,,,,,,,,,
8_34,21,130.660346,2012,,,,,,,,,,,,,,,,,,,,,,
8_35,17,133.6014129,2012,,,,,,,,,,,,,,,,,,,,,,
8_36,13,136.1074294,2012,,,,,,,,,,,,,,,,,,,,,,
8_37,9,139.8272577,2012,,,,,,,,,,,,,,,,,,,,,,
8_38,7,142.4920177,2012,,,,,,,,,,,,,,,,,,,,,,
8_39,4,144.9855808,2012,,,,,,,,,,,,,,,,,,,,,,
8_40,3,148.1667964,2012,,,,,,,,,,,,,,,,,,,,,,
9_0,2,28.51039515,2013,,,,,,,,,,,,,,,,,,,,,,
9_1,1,32.50626365,2013,,,,,,,,,,,,,,,,,,,,,,
9_2,0,34.5,2013,,,,,,,,,,,,,,,,,,,,,,
9_3,7,37.57515828,2013,,,,,,,,,,,,,,,,,,,,,,
9_4,12,40.83059965,2013,,,,,,,,,,,,,,,,,,,,,,
9_5,44,43.76493889,2013,,,,,,,,,,,,,,,,,,,,,,
9_6,72,46.68818044,2013,,,,,,,,,,,,,,,,,,,,,,
9_7,225,49.74648463,2013,,,,,,,,,,,,,,,,,,,,,,
9_8,479,52.68857892,2013,,,,,,,,,,,,,,,,,,,,,,
9_9,1031,55.66162442,2013,,,,,,,,,,,,,,,,,,,,,,
9_10,1585.466667,58.61962191,2013,,,,,,,,,,,,,,,,,,,,,,
9_11,2113.901961,61.54266661,2013,,,,,,,,,,,,,,,,,,,,,,
9_12,2447.435294,64.53353353,2013,,,,,,,,,,,,,,,,,,,,,,
9_13,2749.686275,67.53933728,2013,,,,,,,,,,,,,,,,,,,,,,
9_14,2757,70.48968702,2013,,,,,,,,,,,,,,,,,,,,,,
9_15,2458.12549,73.47832792,2013,,,,,,,,,,,,,,,,,,,,,,
9_16,2056.623529,76.45103902,2013,,,,,,,,,,,,,,,,,,,,,,
9_17,1626,79.4790771,2013,,,,,,,,,,,,,,,,,,,,,,
9_18,1282.031373,82.46881582,2013,,,,,,,,,,,,,,,,,,,,,,
9_19,1020,85.45246312,2013,,,,,,,,,,,,,,,,,,,,,,
9_20,844,88.46049711,2013,,,,,,,,,,,,,,,,,,,,,,
9_21,695,91.42984151,2013,,,,,,,,,,,,,,,,,,,,,,
9_22,546,94.44462612,2013,,,,,,,,,,,,,,,,,,,,,,
9_23,414,97.41750116,2013,,,,,,,,,,,,,,,,,,,,,,
9_24,326,100.4313164,2013,,,,,,,,,,,,,,,,,,,,,,
9_25,200,103.3813984,2013,,,,,,,,,,,,,,,,,,,,,,
9_26,126,106.5290604,2013,,,,,,,,,,,,,,,,,,,,,,
9_27,103,109.48707,2013,,,,,,,,,,,,,,,,,,,,,,
9_28,88,112.3315532,2013,,,,,,,,,,,,,,,,,,,,,,
9_29,54,115.4201811,2013,,,,,,,,,,,,,,,,,,,,,,
9_30,54,118.4552556,2013,,,,,,,,,,,,,,,,,,,,,,
9_31,40,121.3095626,2013,,,,,,,,,,,,,,,,,,,,,,
9_32,38,124.4390309,2013,,,,,,,,,,,,,,,,,,,,,,
9_33,18,127.4281722,2013,,,,,,,,,,,,,,,,,,,,,,
9_34,23,130.6008926,2013,,,,,,,,,,,,,,,,,,,,,,
9_35,18,133.6031195,2013,,,,,,,,,,,,,,,,,,,,,,
9_36,14,136.1304483,2013,,,,,,,,,,,,,,,,,,,,,,
9_37,10,139.4232361,2013,,,,,,,,,,,,,,,,,,,,,,
9_38,7,142.4920177,2013,,,,,,,,,,,,,,,,,,,,,,
9_39,3,144.6741623,2013,,,,,,,,,,,,,,,,,,,,,,
9_40,3,148.1667964,2013,,,,,,,,,,,,,,,,,,,,,,
10_0,2,28.51039515,2014,,,,,,,,,,,,,,,,,,,,,,
10_1,0,31.5,2014,,,,,,,,,,,,,,,,,,,,,,
10_2,0,34.5,2014,,,,,,,,,,,,,,,,,,,,,,
10_3,7,37.57515828,2014,,,,,,,,,,,,,,,,,,,,,,
10_4,11,40.81849816,2014,,,,,,,,,,,,,,,,,,,,,,
10_5,48,43.75509515,2014,,,,,,,,,,,,,,,,,,,,,,
10_6,74,46.69324704,2014,,,,,,,,,,,,,,,,,,,,,,
10_7,230,49.76663558,2014,,,,,,,,,,,,,,,,,,,,,,
10_8,506,52.67475797,2014,,,,,,,,,,,,,,,,,,,,,,
10_9,1034,55.65324398,2014,,,,,,,,,,,,,,,,,,,,,,
10_10,1598.466667,58.60894679,2014,,,,,,,,,,,,,,,,,,,,,,
10_11,2175.607843,61.54761324,2014,,,,,,,,,,,,,,,,,,,,,,
10_12,2500.435294,64.53245824,2014,,,,,,,,,,,,,,,,,,,,,,
10_13,2826.980392,67.53372883,2014,,,,,,,,,,,,,,,,,,,,,,
10_14,2834,70.49489585,2014,,,,,,,,,,,,,,,,,,,,,,
10_15,2522.12549,73.46574572,2014,,,,,,,,,,,,,,,,,,,,,,
10_16,2093.623529,76.44880135,2014,,,,,,,,,,,,,,,,,,,,,,
10_17,1709,79.48515479,2014,,,,,,,,,,,,,,,,,,,,,,
10_18,1348.031373,82.46731738,2014,,,,,,,,,,,,,,,,,,,,,,
10_19,1091,85.45483742,2014,,,,,,,,,,,,,,,,,,,,,,
10_20,920,88.46108843,2014,,,,,,,,,,,,,,,,,,,,,,
10_21,764.1254902,91.43270643,2014,,,,,,,,,,,,,,,,,,,,,,
10_22,596,94.46464337,2014,,,,,,,,,,,,,,,,,,,,,,
10_23,429.0784314,97.41595732,2014,,,,,,,,,,,,,,,,,,,,,,
10_24,357,100.413821,2014,,,,,,,,,,,,,,,,,,,,,,
10_25,253,103.4425112,2014,,,,,,,,,,,,,,,,,,,,,,
10_26,155,106.4576748,2014,,,,,,,,,,,,,,,,,,,,,,
10_27,120,109.4700325,2014,,,,,,,,,,,,,,,,,,,,,,
10_28,99,112.2822882,2014,,,,,,,,,,,,,,,,,,,,,,
10_29,66,115.4000831,2014,,,,,,,,,,,,,,,,,,,,,,
10_30,66,118.3262984,2014,,,,,,,,,,,,,,,,,,,,,,
10_31,43,121.3822054,2014,,,,,,,,,,,,,,,,,,,,,,
10_32,43,124.4441876,2014,,,,,,,,,,,,,,,,,,,,,,
10_33,24,127.3914215,2014,,,,,,,,,,,,,,,,,,,,,,
10_34,28,130.6820097,2014,,,,,,,,,,,,,,,,,,,,,,
10_35,20,133.551797,2014,,,,,,,,,,,,,,,,,,,,,,
10_36,16,136.0498253,2014,,,,,,,,,,,,,,,,,,,,,,
10_37,10,139.2454067,2014,,,,,,,,,,,,,,,,,,,,,,
10_38,7,142.4920177,2014,,,,,,,,,,,,,,,,,,,,,,
10_39,3,144.7466595,2014,,,,,,,,,,,,,,,,,,,,,,
10_40,3,148.1667964,2014,,,,,,,,,,,,,,,,,,,,,,
0_1,0,151.5,2004,,,,,,,,,,,,,,,,,,,,,,
0_2,1,154.2840639,2004,,,,,,,,,,,,,,,,,,,,,,
0_3,10,157.7076671,2004,,,,,,,,,,,,,,,,,,,,,,
0_4,22,160.5291222,2004,,,,,,,,,,,,,,,,,,,,,,
0_5,62,163.916475,2004,,,,,,,,,,,,,,,,,,,,,,
0_6,185,166.7180453,2004,,,,,,,,,,,,,,,,,,,,,,
0_7,521,169.6316331,2004,,,,,,,,,,,,,,,,,,,,,,
0_8,822,172.6257009,2004,,,,,,,,,,,,,,,,,,,,,,
0_9,1043.294118,175.5575007,2004,,,,,,,,,,,,,,,,,,,,,,
0_10,1310.435294,178.5808549,2004,,,,,,,,,,,,,,,,,,,,,,
0_11,1706,181.5445105,2004,,,,,,,,,,,,,,,,,,,,,,
0_12,1743,184.5044219,2004,,,,,,,,,,,,,,,,,,,,,,
0_13,1811,187.5030501,2004,,,,,,,,,,,,,,,,,,,,,,
0_14,1815,190.5326338,2004,,,,,,,,,,,,,,,,,,,,,,
0_15,1697,193.4665099,2004,,,,,,,,,,,,,,,,,,,,,,
0_16,1566,196.4134272,2004,,,,,,,,,,,,,,,,,,,,,,
0_17,1261,199.4240882,2004,,,,,,,,,,,,,,,,,,,,,,
0_18,978,202.4584503,2004,,,,,,,,,,,,,,,,,,,,,,
0_19,707,205.4629346,2004,,,,,,,,,,,,,,,,,,,,,,
0_20,499,208.3544717,2004,,,,,,,,,,,,,,,,,,,,,,
0_21,365,211.3588995,2004,,,,,,,,,,,,,,,,,,,,,,
0_22,250,214.4147437,2004,,,,,,,,,,,,,,,,,,,,,,
0_23,158,217.4317122,2004,,,,,,,,,,,,,,,,,,,,,,
0_24,127,220.2564993,2004,,,,,,,,,,,,,,,,,,,,,,
0_25,73,223.2992128,2004,,,,,,,,,,,,,,,,,,,,,,
0_26,46,226.2998614,2004,,,,,,,,,,,,,,,,,,,,,,
0_27,33,229.5309785,2004,,,,,,,,,,,,,,,,,,,,,,
0_28,24,232.1107353,2004,,,,,,,,,,,,,,,,,,,,,,
0_29,15,235.2536099,2004,,,,,,,,,,,,,,,,,,,,,,
0_30,9,238.6146401,2004,,,,,,,,,,,,,,,,,,,,,,
0_31,4,241.6652906,2004,,,,,,,,,,,,,,,,,,,,,,
0_32,7,244.1275688,2004,,,,,,,,,,,,,,,,,,,,,,
0_33,1,246.8360555,2004,,,,,,,,,,,,,,,,,,,,,,
1_1,0,151.5,2005,,,,,,,,,,,,,,,,,,,,,,
1_2,2,154.0895385,2005,,,,,,,,,,,,,,,,,,,,,,
1_3,10,157.8590411,2005,,,,,,,,,,,,,,,,,,,,,,
1_4,22,160.6680296,2005,,,,,,,,,,,,,,,,,,,,,,
1_5,64,163.8101252,2005,,,,,,,,,,,,,,,,,,,,,,
1_6,197,166.749192,2005,,,,,,,,,,,,,,,,,,,,,,
1_7,537,169.6310303,2005,,,,,,,,,,,,,,,,,,,,,,
1_8,856,172.6247992,2005,,,,,,,,,,,,,,,,,,,,,,
1_9,1074.294118,175.5545636,2005,,,,,,,,,,,,,,,,,,,,,,
1_10,1361.215686,178.5519132,2005,,,,,,,,,,,,,,,,,,,,,,
1_11,1750,181.5551777,2005,,,,,,,,,,,,,,,,,,,,,,
1_12,1794,184.4933491,2005,,,,,,,,,,,,,,,,,,,,,,
1_13,1880.686275,187.5043744,2005,,,,,,,,,,,,,,,,,,,,,,
1_14,1866.858824,190.5291521,2005,,,,,,,,,,,,,,,,,,,,,,
1_15,1782.811765,193.474782,2005,,,,,,,,,,,,,,,,,,,,,,
1_16,1645,196.4282554,2005,,,,,,,,,,,,,,,,,,,,,,
1_17,1313,199.4355343,2005,,,,,,,,,,,,,,,,,,,,,,
1_18,1013,202.4683096,2005,,,,,,,,,,,,,,,,,,,,,,
1_19,742,205.450369,2005,,,,,,,,,,,,,,,,,,,,,,
1_20,531.4666667,208.3809902,2005,,,,,,,,,,,,,,,,,,,,,,
1_21,388,211.363717,2005,,,,,,,,,,,,,,,,,,,,,,
1_22,263,214.395766,2005,,,,,,,,,,,,,,,,,,,,,,
1_23,201,217.4580977,2005,,,,,,,,,,,,,,,,,,,,,,
1_24,148,220.3610098,2005,,,,,,,,,,,,,,,,,,,,,,
1_25,84,223.3709925,2005,,,,,,,,,,,,,,,,,,,,,,
1_26,59,226.3057611,2005,,,,,,,,,,,,,,,,,,,,,,
1_27,42,229.5532511,2005,,,,,,,,,,,,,,,,,,,,,,
1_28,32,232.2295347,2005,,,,,,,,,,,,,,,,,,,,,,
1_29,19,235.2142057,2005,,,,,,,,,,,,,,,,,,,,,,
1_30,15,238.3530982,2005,,,,,,,,,,,,,,,,,,,,,,
1_31,5,241.518755,2005,,,,,,,,,,,,,,,,,,,,,,
1_32,5,244.6146796,2005,,,,,,,,,,,,,,,,,,,,,,
1_33,3,246.5553294,2005,,,,,,,,,,,,,,,,,,,,,,
2_1,0,151.5,2006,,,,,,,,,,,,,,,,,,,,,,
2_2,2,154.6164983,2006,,,,,,,,,,,,,,,,,,,,,,
2_3,9,157.9002645,2006,,,,,,,,,,,,,,,,,,,,,,
2_4,21,160.5403758,2006,,,,,,,,,,,,,,,,,,,,,,
2_5,64,163.8805065,2006,,,,,,,,,,,,,,,,,,,,,,
2_6,198,166.7531402,2006,,,,,,,,,,,,,,,,,,,,,,
2_7,545,169.6289367,2006,,,,,,,,,,,,,,,,,,,,,,
2_8,890,172.6122326,2006,,,,,,,,,,,,,,,,,,,,,,
2_9,1112.294118,175.5650692,2006,,,,,,,,,,,,,,,,,,,,,,
2_10,1399.435294,178.5522256,2006,,,,,,,,,,,,,,,,,,,,,,
2_11,1793,181.5434718,2006,,,,,,,,,,,,,,,,,,,,,,
2_12,1876,184.4989341,2006,,,,,,,,,,,,,,,,,,,,,,
2_13,1908.058824,187.4823961,2006,,,,,,,,,,,,,,,,,,,,,,
2_14,1920.623529,190.5304851,2006,,,,,,,,,,,,,,,,,,,,,,
2_15,1837,193.4735051,2006,,,,,,,,,,,,,,,,,,,,,,
2_16,1739,196.4321262,2006,,,,,,,,,,,,,,,,,,,,,,
2_17,1346,199.4203134,2006,,,,,,,,,,,,,,,,,,,,,,
2_18,1080,202.4409654,2006,,,,,,,,,,,,,,,,,,,,,,
2_19,756,205.4553574,2006,,,,,,,,,,,,,,,,,,,,,,
2_20,568.854902,208.3919991,2006,,,,,,,,,,,,,,,,,,,,,,
2_21,419,211.3504591,2006,,,,,,,,,,,,,,,,,,,,,,
2_22,281,214.4026335,2006,,,,,,,,,,,,,,,,,,,,,,
2_23,216,217.3957231,2006,,,,,,,,,,,,,,,,,,,,,,
2_24,156,220.3641019,2006,,,,,,,,,,,,,,,,,,,,,,
2_25,95,223.4880645,2006,,,,,,,,,,,,,,,,,,,,,,
2_26,63,226.238755,2006,,,,,,,,,,,,,,,,,,,,,,
2_27,51,229.6806187,2006,,,,,,,,,,,,,,,,,,,,,,
2_28,30,232.1951006,2006,,,,,,,,,,,,,,,,,,,,,,
2_29,25,235.3104588,2006,,,,,,,,,,,,,,,,,,,,,,
2_30,17,238.4106236,2006,,,,,,,,,,,,,,,,,,,,,,
2_31,6,241.6146631,2006,,,,,,,,,,,,,,,,,,,,,,
2_32,8,244.4511533,2006,,,,,,,,,,,,,,,,,,,,,,
2_33,1,246.8360555,2006,,,,,,,,,,,,,,,,,,,,,,
3_1,0,151.5,2007,,,,,,,,,,,,,,,,,,,,,,
3_2,3,154.3760032,2007,,,,,,,,,,,,,,,,,,,,,,
3_3,10,157.8232231,2007,,,,,,,,,,,,,,,,,,,,,,
3_4,22,160.5909432,2007,,,,,,,,,,,,,,,,,,,,,,
3_5,64,163.9334654,2007,,,,,,,,,,,,,,,,,,,,,,
3_6,201,166.7734233,2007,,,,,,,,,,,,,,,,,,,,,,
3_7,562,169.6328633,2007,,,,,,,,,,,,,,,,,,,,,,
3_8,901,172.6236333,2007,,,,,,,,,,,,,,,,,,,,,,
3_9,1116.294118,175.5629393,2007,,,,,,,,,,,,,,,,,,,,,,
3_10,1385.435294,178.559875,2007,,,,,,,,,,,,,,,,,,,,,,
3_11,1796,181.5562945,2007,,,,,,,,,,,,,,,,,,,,,,
3_12,1923,184.5022311,2007,,,,,,,,,,,,,,,,,,,,,,
3_13,1957.184314,187.4848532,2007,,,,,,,,,,,,,,,,,,,,,,
3_14,1966.235294,190.5373017,2007,,,,,,,,,,,,,,,,,,,,,,
3_15,1916.811765,193.4744013,2007,,,,,,,,,,,,,,,,,,,,,,
3_16,1732.031373,196.4266529,2007,,,,,,,,,,,,,,,,,,,,,,
3_17,1381,199.4212105,2007,,,,,,,,,,,,,,,,,,,,,,
3_18,1128,202.4333777,2007,,,,,,,,,,,,,,,,,,,,,,
3_19,793,205.459683,2007,,,,,,,,,,,,,,,,,,,,,,
3_20,576.854902,208.3969661,2007,,,,,,,,,,,,,,,,,,,,,,
3_21,434,211.364954,2007,,,,,,,,,,,,,,,,,,,,,,
3_22,300,214.4289357,2007,,,,,,,,,,,,,,,,,,,,,,
3_23,211,217.4041004,2007,,,,,,,,,,,,,,,,,,,,,,
3_24,163,220.3464645,2007,,,,,,,,,,,,,,,,,,,,,,
3_25,89,223.428077,2007,,,,,,,,,,,,,,,,,,,,,,
3_26,64,226.1868324,2007,,,,,,,,,,,,,,,,,,,,,,
3_27,56,229.5451993,2007,,,,,,,,,,,,,,,,,,,,,,
3_28,33,232.2244538,2007,,,,,,,,,,,,,,,,,,,,,,
3_29,25,235.3126783,2007,,,,,,,,,,,,,,,,,,,,,,
3_30,13,238.3106102,2007,,,,,,,,,,,,,,,,,,,,,,
3_31,9,241.6243169,2007,,,,,,,,,,,,,,,,,,,,,,
3_32,7,244.3239149,2007,,,,,,,,,,,,,,,,,,,,,,
3_33,3,247.4119432,2007,,,,,,,,,,,,,,,,,,,,,,
4_1,0,151.5,2008,,,,,,,,,,,,,,,,,,,,,,
4_2,3,154.3760032,2008,,,,,,,,,,,,,,,,,,,,,,
4_3,10,157.8232231,2008,,,,,,,,,,,,,,,,,,,,,,
4_4,22,160.5909432,2008,,,,,,,,,,,,,,,,,,,,,,
4_5,65,163.8890775,2008,,,,,,,,,,,,,,,,,,,,,,
4_6,207,166.7533475,2008,,,,,,,,,,,,,,,,,,,,,,
4_7,553,169.6288677,2008,,,,,,,,,,,,,,,,,,,,,,
4_8,919,172.6200472,2008,,,,,,,,,,,,,,,,,,,,,,
4_9,1131.294118,175.576575,2008,,,,,,,,,,,,,,,,,,,,,,
4_10,1405.435294,178.5631623,2008,,,,,,,,,,,,,,,,,,,,,,
4_11,1833,181.5575214,2008,,,,,,,,,,,,,,,,,,,,,,
4_12,1965,184.5052231,2008,,,,,,,,,,,,,,,,,,,,,,
4_13,2016.058824,187.4913982,2008,,,,,,,,,,,,,,,,,,,,,,
4_14,1994.858824,190.5319531,2008,,,,,,,,,,,,,,,,,,,,,,
4_15,1941,193.4626815,2008,,,,,,,,,,,,,,,,,,,,,,
4_16,1798,196.4333792,2008,,,,,,,,,,,,,,,,,,,,,,
4_17,1428,199.4306349,2008,,,,,,,,,,,,,,,,,,,,,,
4_18,1141,202.4311734,2008,,,,,,,,,,,,,,,,,,,,,,
4_19,822,205.4565343,2008,,,,,,,,,,,,,,,,,,,,,,
4_20,591.854902,208.3981714,2008,,,,,,,,,,,,,,,,,,,,,,
4_21,444,211.3741195,2008,,,,,,,,,,,,,,,,,,,,,,
4_22,308,214.3934159,2008,,,,,,,,,,,,,,,,,,,,,,
4_23,223,217.4266607,2008,,,,,,,,,,,,,,,,,,,,,,
4_24,159,220.335156,2008,,,,,,,,,,,,,,,,,,,,,,
4_25,88,223.5120965,2008,,,,,,,,,,,,,,,,,,,,,,
4_26,70,226.2230905,2008,,,,,,,,,,,,,,,,,,,,,,
4_27,57,229.5812236,2008,,,,,,,,,,,,,,,,,,,,,,
4_28,33,232.3737926,2008,,,,,,,,,,,,,,,,,,,,,,
4_29,28,235.3208831,2008,,,,,,,,,,,,,,,,,,,,,,
4_30,15,238.4125711,2008,,,,,,,,,,,,,,,,,,,,,,
4_31,12,241.8264203,2008,,,,,,,,,,,,,,,,,,,,,,
4_32,12,244.3576382,2008,,,,,,,,,,,,,,,,,,,,,,
4_33,3,247.2575931,2008,,,,,,,,,,,,,,,,,,,,,,
5_1,0,151.5,2009,,,,,,,,,,,,,,,,,,,,,,
5_2,2,154.6164983,2009,,,,,,,,,,,,,,,,,,,,,,
5_3,10,157.8232231,2009,,,,,,,,,,,,,,,,,,,,,,
5_4,22,160.5985213,2009,,,,,,,,,,,,,,,,,,,,,,
5_5,71,163.8273946,2009,,,,,,,,,,,,,,,,,,,,,,
5_6,207,166.7481124,2009,,,,,,,,,,,,,,,,,,,,,,
5_7,553,169.6404657,2009,,,,,,,,,,,,,,,,,,,,,,
5_8,916,172.6172614,2009,,,,,,,,,,,,,,,,,,,,,,
5_9,1152.294118,175.5790197,2009,,,,,,,,,,,,,,,,,,,,,,
5_10,1437.435294,178.5632651,2009,,,,,,,,,,,,,,,,,,,,,,
5_11,1846,181.5500382,2009,,,,,,,,,,,,,,,,,,,,,,
5_12,1941,184.5010577,2009,,,,,,,,,,,,,,,,,,,,,,
5_13,2019,187.4864159,2009,,,,,,,,,,,,,,,,,,,,,,
5_14,2045.545098,190.5331982,2009,,,,,,,,,,,,,,,,,,,,,,
5_15,1993,193.4725832,2009,,,,,,,,,,,,,,,,,,,,,,
5_16,1829.372549,196.438347,2009,,,,,,,,,,,,,,,,,,,,,,
5_17,1456,199.4203258,2009,,,,,,,,,,,,,,,,,,,,,,
5_18,1195,202.4205504,2009,,,,,,,,,,,,,,,,,,,,,,
5_19,838,205.4352131,2009,,,,,,,,,,,,,,,,,,,,,,
5_20,604.854902,208.3881535,2009,,,,,,,,,,,,,,,,,,,,,,
5_21,464,211.3897775,2009,,,,,,,,,,,,,,,,,,,,,,
5_22,315,214.4079814,2009,,,,,,,,,,,,,,,,,,,,,,
5_23,235,217.4340938,2009,,,,,,,,,,,,,,,,,,,,,,
5_24,161.1254902,220.3274759,2009,,,,,,,,,,,,,,,,,,,,,,
5_25,97,223.4383788,2009,,,,,,,,,,,,,,,,,,,,,,
5_26,74,226.2573339,2009,,,,,,,,,,,,,,,,,,,,,,
5_27,59,229.588376,2009,,,,,,,,,,,,,,,,,,,,,,
5_28,44,232.4355824,2009,,,,,,,,,,,,,,,,,,,,,,
5_29,27,235.473618,2009,,,,,,,,,,,,,,,,,,,,,,
5_30,14,238.3435251,2009,,,,,,,,,,,,,,,,,,,,,,
5_31,9,241.5503374,2009,,,,,,,,,,,,,,,,,,,,,,
5_32,11,244.5201357,2009,,,,,,,,,,,,,,,,,,,,,,
5_33,4,247.3117132,2009,,,,,,,,,,,,,,,,,,,,,,
5_34,4,249.9352506,2009,,,,,,,,,,,,,,,,,,,,,,
6_2,0,151.5,2010,,,,,,,,,,,,,,,,,,,,,,
6_3,3,154.3760032,2010,,,,,,,,,,,,,,,,,,,,,,
6_4,9,157.7108211,2010,,,,,,,,,,,,,,,,,,,,,,
6_5,24,160.6257195,2010,,,,,,,,,,,,,,,,,,,,,,
6_6,69,163.8328941,2010,,,,,,,,,,,,,,,,,,,,,,
6_7,209,166.7339228,2010,,,,,,,,,,,,,,,,,,,,,,
6_8,576,169.6307421,2010,,,,,,,,,,,,,,,,,,,,,,
6_9,918,172.6195708,2010,,,,,,,,,,,,,,,,,,,,,,
6_10,1172.294118,175.575085,2010,,,,,,,,,,,,,,,,,,,,,,
6_11,1480.435294,178.5605121,2010,,,,,,,,,,,,,,,,,,,,,,
6_12,1888,181.5676747,2010,,,,,,,,,,,,,,,,,,,,,,
6_13,2022,184.5118675,2010,,,,,,,,,,,,,,,,,,,,,,
6_14,2079.811765,187.506145,2010,,,,,,,,,,,,,,,,,,,,,,
6_15,2084.858824,190.5084428,2010,,,,,,,,,,,,,,,,,,,,,,
6_16,2025,193.4721321,2010,,,,,,,,,,,,,,,,,,,,,,
6_17,1882.403922,196.4275082,2010,,,,,,,,,,,,,,,,,,,,,,
6_18,1493,199.4220638,2010,,,,,,,,,,,,,,,,,,,,,,
6_19,1252,202.4205495,2010,,,,,,,,,,,,,,,,,,,,,,
6_20,849,205.4388969,2010,,,,,,,,,,,,,,,,,,,,,,
6_21,621.4666667,208.3888588,2010,,,,,,,,,,,,,,,,,,,,,,
6_22,487,211.3618874,2010,,,,,,,,,,,,,,,,,,,,,,
6_23,335,214.3774973,2010,,,,,,,,,,,,,,,,,,,,,,
6_24,237,217.445384,2010,,,,,,,,,,,,,,,,,,,,,,
6_25,180.1254902,220.3822064,2010,,,,,,,,,,,,,,,,,,,,,,
6_26,104,223.4678317,2010,,,,,,,,,,,,,,,,,,,,,,
6_27,84,226.3284991,2010,,,,,,,,,,,,,,,,,,,,,,
6_28,77,229.5336903,2010,,,,,,,,,,,,,,,,,,,,,,
6_29,54,232.3450468,2010,,,,,,,,,,,,,,,,,,,,,,
6_30,32,235.3648138,2010,,,,,,,,,,,,,,,,,,,,,,
6_31,18,238.461038,2010,,,,,,,,,,,,,,,,,,,,,,
6_32,10,241.6372822,2010,,,,,,,,,,,,,,,,,,,,,,
6_33,9,244.4348635,2010,,,,,,,,,,,,,,,,,,,,,,
6_34,4,247.2828853,2010,,,,,,,,,,,,,,,,,,,,,,
6_35,3,249.6451518,2010,,,,,,,,,,,,,,,,,,,,,,
7_2,0,151.5,2011,,,,,,,,,,,,,,,,,,,,,,
7_3,3,154.3760032,2011,,,,,,,,,,,,,,,,,,,,,,
7_4,9,157.7108211,2011,,,,,,,,,,,,,,,,,,,,,,
7_5,24,160.6257195,2011,,,,,,,,,,,,,,,,,,,,,,
7_6,69,163.8431029,2011,,,,,,,,,,,,,,,,,,,,,,
7_7,210,166.7491497,2011,,,,,,,,,,,,,,,,,,,,,,
7_8,580,169.6240981,2011,,,,,,,,,,,,,,,,,,,,,,
7_9,927,172.62024,2011,,,,,,,,,,,,,,,,,,,,,,
7_10,1186.294118,175.5595961,2011,,,,,,,,,,,,,,,,,,,,,,
7_11,1473.435294,178.5595541,2011,,,,,,,,,,,,,,,,,,,,,,
7_12,1923,181.5636825,2011,,,,,,,,,,,,,,,,,,,,,,
7_13,2029,184.5146437,2011,,,,,,,,,,,,,,,,,,,,,,
7_14,2104.811765,187.5077782,2011,,,,,,,,,,,,,,,,,,,,,,
7_15,2138.858824,190.5158758,2011,,,,,,,,,,,,,,,,,,,,,,
7_16,2027,193.4811817,2011,,,,,,,,,,,,,,,,,,,,,,
7_17,1896.403922,196.4278209,2011,,,,,,,,,,,,,,,,,,,,,,
7_18,1528,199.4179948,2011,,,,,,,,,,,,,,,,,,,,,,
7_19,1286,202.4352441,2011,,,,,,,,,,,,,,,,,,,,,,
7_20,888,205.4371171,2011,,,,,,,,,,,,,,,,,,,,,,
7_21,655.4666667,208.4193863,2011,,,,,,,,,,,,,,,,,,,,,,
7_22,500,211.3731851,2011,,,,,,,,,,,,,,,,,,,,,,
7_23,342,214.4102906,2011,,,,,,,,,,,,,,,,,,,,,,
7_24,262,217.4624962,2011,,,,,,,,,,,,,,,,,,,,,,
7_25,179,220.297945,2011,,,,,,,,,,,,,,,,,,,,,,
7_26,117,223.5070357,2011,,,,,,,,,,,,,,,,,,,,,,
7_27,87,226.3943492,2011,,,,,,,,,,,,,,,,,,,,,,
7_28,81,229.4456553,2011,,,,,,,,,,,,,,,,,,,,,,
7_29,52,232.4398866,2011,,,,,,,,,,,,,,,,,,,,,,
7_30,32,235.317137,2011,,,,,,,,,,,,,,,,,,,,,,
7_31,22,238.6905547,2011,,,,,,,,,,,,,,,,,,,,,,
7_32,11,241.5379059,2011,,,,,,,,,,,,,,,,,,,,,,
7_33,11,244.4595546,2011,,,,,,,,,,,,,,,,,,,,,,
7_34,4,247.2668137,2011,,,,,,,,,,,,,,,,,,,,,,
8_1,0,151.5,2012,,,,,,,,,,,,,,,,,,,,,,
8_2,2,154.9364088,2012,,,,,,,,,,,,,,,,,,,,,,
8_3,8,157.6618452,2012,,,,,,,,,,,,,,,,,,,,,,
8_4,23,160.6373882,2012,,,,,,,,,,,,,,,,,,,,,,
8_5,68,163.8601636,2012,,,,,,,,,,,,,,,,,,,,,,
8_6,209,166.7452351,2012,,,,,,,,,,,,,,,,,,,,,,
8_7,593,169.6255217,2012,,,,,,,,,,,,,,,,,,,,,,
8_8,942,172.613825,2012,,,,,,,,,,,,,,,,,,,,,,
8_9,1212.294118,175.5583633,2012,,,,,,,,,,,,,,,,,,,,,,
8_10,1517.435294,178.5690574,2012,,,,,,,,,,,,,,,,,,,,,,
8_11,2004,181.5653504,2012,,,,,,,,,,,,,,,,,,,,,,
8_12,2156,184.5133495,2012,,,,,,,,,,,,,,,,,,,,,,
8_13,2276.811765,187.4905489,2012,,,,,,,,,,,,,,,,,,,,,,
8_14,2297.858824,190.5200713,2012,,,,,,,,,,,,,,,,,,,,,,
8_15,2220,193.4882901,2012,,,,,,,,,,,,,,,,,,,,,,
8_16,2073.403922,196.4504764,2012,,,,,,,,,,,,,,,,,,,,,,
8_17,1707,199.4432752,2012,,,,,,,,,,,,,,,,,,,,,,
8_18,1440,202.439036,2012,,,,,,,,,,,,,,,,,,,,,,
8_19,991,205.4273786,2012,,,,,,,,,,,,,,,,,,,,,,
8_20,764.4666667,208.4187797,2012,,,,,,,,,,,,,,,,,,,,,,
8_21,603,211.3951748,2012,,,,,,,,,,,,,,,,,,,,,,
8_22,434,214.3808837,2012,,,,,,,,,,,,,,,,,,,,,,
8_23,299,217.4621833,2012,,,,,,,,,,,,,,,,,,,,,,
8_24,241,220.3401911,2012,,,,,,,,,,,,,,,,,,,,,,
8_25,159,223.4896048,2012,,,,,,,,,,,,,,,,,,,,,,
8_26,126,226.350004,2012,,,,,,,,,,,,,,,,,,,,,,
8_27,120,229.4375841,2012,,,,,,,,,,,,,,,,,,,,,,
8_28,70,232.4262764,2012,,,,,,,,,,,,,,,,,,,,,,
8_29,42,235.334248,2012,,,,,,,,,,,,,,,,,,,,,,
8_30,29,238.4417869,2012,,,,,,,,,,,,,,,,,,,,,,
8_31,18,241.2056498,2012,,,,,,,,,,,,,,,,,,,,,,
8_32,11,244.5596979,2012,,,,,,,,,,,,,,,,,,,,,,
8_33,4,247.2668137,2012,,,,,,,,,,,,,,,,,,,,,,
9_1,0,151.5,2013,,,,,,,,,,,,,,,,,,,,,,
9_2,3,154.3760032,2013,,,,,,,,,,,,,,,,,,,,,,
9_3,9,157.6895162,2013,,,,,,,,,,,,,,,,,,,,,,
9_4,25,160.7786493,2013,,,,,,,,,,,,,,,,,,,,,,
9_5,67,163.8173176,2013,,,,,,,,,,,,,,,,,,,,,,
9_6,226,166.7563929,2013,,,,,,,,,,,,,,,,,,,,,,
9_7,608,169.6119575,2013,,,,,,,,,,,,,,,,,,,,,,
9_8,965,172.6147729,2013,,,,,,,,,,,,,,,,,,,,,,
9_9,1228.294118,175.5655097,2013,,,,,,,,,,,,,,,,,,,,,,
9_10,1541.435294,178.5700188,2013,,,,,,,,,,,,,,,,,,,,,,
9_11,2047,181.5698341,2013,,,,,,,,,,,,,,,,,,,,,,
9_12,2191,184.5125145,2013,,,,,,,,,,,,,,,,,,,,,,
9_13,2346.811765,187.4958122,2013,,,,,,,,,,,,,,,,,,,,,,
9_14,2376.858824,190.5352153,2013,,,,,,,,,,,,,,,,,,,,,,
9_15,2291,193.4722774,2013,,,,,,,,,,,,,,,,,,,,,,
9_16,2153.403922,196.4365312,2013,,,,,,,,,,,,,,,,,,,,,,
9_17,1825,199.4433542,2013,,,,,,,,,,,,,,,,,,,,,,
9_18,1512,202.4285975,2013,,,,,,,,,,,,,,,,,,,,,,
9_19,1050,205.4408818,2013,,,,,,,,,,,,,,,,,,,,,,
9_20,814.4666667,208.4114684,2013,,,,,,,,,,,,,,,,,,,,,,
9_21,640,211.3695157,2013,,,,,,,,,,,,,,,,,,,,,,
9_22,449,214.4048085,2013,,,,,,,,,,,,,,,,,,,,,,
9_23,333,217.4168951,2013,,,,,,,,,,,,,,,,,,,,,,
9_24,261,220.3309989,2013,,,,,,,,,,,,,,,,,,,,,,
9_25,178,223.5263423,2013,,,,,,,,,,,,,,,,,,,,,,
9_26,126,226.251341,2013,,,,,,,,,,,,,,,,,,,,,,
9_27,120,229.3400832,2013,,,,,,,,,,,,,,,,,,,,,,
9_28,74,232.3681602,2013,,,,,,,,,,,,,,,,,,,,,,
9_29,44,235.3568017,2013,,,,,,,,,,,,,,,,,,,,,,
9_30,31,238.4241437,2013,,,,,,,,,,,,,,,,,,,,,,
9_31,19,241.4749827,2013,,,,,,,,,,,,,,,,,,,,,,
9_32,13,244.3972545,2013,,,,,,,,,,,,,,,,,,,,,,
9_33,6,247.5814245,2013,,,,,,,,,,,,,,,,,,,,,,
10_1,0,151.5,2014,,,,,,,,,,,,,,,,,,,,,,
10_2,2,154.0895385,2014,,,,,,,,,,,,,,,,,,,,,,
10_3,10,157.7071639,2014,,,,,,,,,,,,,,,,,,,,,,
10_4,25,160.729894,2014,,,,,,,,,,,,,,,,,,,,,,
10_5,67,163.8193784,2014,,,,,,,,,,,,,,,,,,,,,,
10_6,227,166.7814027,2014,,,,,,,,,,,,,,,,,,,,,,
10_7,605,169.6133759,2014,,,,,,,,,,,,,,,,,,,,,,
10_8,965,172.6124754,2014,,,,,,,,,,,,,,,,,,,,,,
10_9,1266,175.5775558,2014,,,,,,,,,,,,,,,,,,,,,,
10_10,1573.435294,178.5768892,2014,,,,,,,,,,,,,,,,,,,,,,
10_11,2085.294118,181.5614407,2014,,,,,,,,,,,,,,,,,,,,,,
10_12,2239,184.5111908,2014,,,,,,,,,,,,,,,,,,,,,,
10_13,2402.811765,187.5023781,2014,,,,,,,,,,,,,,,,,,,,,,
10_14,2435.858824,190.5219377,2014,,,,,,,,,,,,,,,,,,,,,,
10_15,2388,193.4751386,2014,,,,,,,,,,,,,,,,,,,,,,
10_16,2254.403922,196.4318982,2014,,,,,,,,,,,,,,,,,,,,,,
10_17,1895,199.4325365,2014,,,,,,,,,,,,,,,,,,,,,,
10_18,1571,202.4408248,2014,,,,,,,,,,,,,,,,,,,,,,
10_19,1125.078431,205.4383068,2014,,,,,,,,,,,,,,,,,,,,,,
10_20,863.4666667,208.4191693,2014,,,,,,,,,,,,,,,,,,,,,,
10_21,683,211.3910678,2014,,,,,,,,,,,,,,,,,,,,,,
10_22,509,214.3958901,2014,,,,,,,,,,,,,,,,,,,,,,
10_23,364,217.4147112,2014,,,,,,,,,,,,,,,,,,,,,,
10_24,307.1254902,220.3823605,2014,,,,,,,,,,,,,,,,,,,,,,
10_25,207,223.4879094,2014,,,,,,,,,,,,,,,,,,,,,,
10_26,162,226.3359191,2014,,,,,,,,,,,,,,,,,,,,,,
10_27,147,229.4586843,2014,,,,,,,,,,,,,,,,,,,,,,
10_28,93,232.3309608,2014,,,,,,,,,,,,,,,,,,,,,,
10_29,52,235.3890352,2014,,,,,,,,,,,,,,,,,,,,,,
10_30,35,238.3310187,2014,,,,,,,,,,,,,,,,,,,,,,
10_31,24,241.5753344,2014,,,,,,,,,,,,,,,,,,,,,,
10_32,16,244.429995,2014,,,,,,,,,,,,,,,,,,,,,,
10_33,12,247.5821149,2014,,,,,,,,,,,,,,,,,,,,,,
